Cluster,urls,year,month,day,hour,weekday,tz_offset,subject_length,subject_num_special,subject_upper_words,subject_has_re_fwd,body_length,body_num_digits,body_num_exclaim,body_num_question,body_percent_caps,contains_html,num_urls,has_suspicious_url,is_weekend,subject_body_ratio,urgency_score,financial_score
0,0.6805437553101105,2007.9876365980138,7.985527202414086,6.6805144581490055,10.346556118712098,2.594322210177834,0.0,34.30310842879325,0.0,0.0,0.0,954.5279348431137,0.0,0.0,0.0,0.0,0.0,3.2648170392288987,0.0,0.0,0.15990869716836978,0.0,0.059150968271174525
1,0.5581395348837209,2008.0,8.0,6.807833537331701,10.210526315789474,2.8078335373317014,0.0,46.379436964504286,0.0,0.0,1.0,1465.6156670746634,0.0,0.0,0.0,0.0,0.0,1.3121175030599754,0.02692778457772338,0.0,0.08467811435802568,0.0012239902080783353,0.1554467564259486
2,0.06639722863741339,2008.2078521939954,7.992494226327945,7.811778290993072,10.144919168591224,3.745381062355658,0.0,29.16512702078522,0.0,0.0,0.0,662.6899538106236,0.0,0.0,0.0,0.0,0.0,0.2084295612009238,0.010969976905311778,0.0,0.06817319239326987,0.9976905311778291,0.12702078521939955
3,0.7903225806451613,2007.0967741935483,7.505376344086022,8.806451612903226,10.435483870967742,5.446236559139785,0.0,35.456989247311824,0.0,0.0,0.005376344086021506,780.9516129032259,0.0,0.0,0.0,0.0,0.0,3.553763440860215,0.04838709677419355,1.0,0.19342036543603142,0.0,0.026881720430107527
4,0.9995625546806649,2007.9886264216973,7.985126859142607,6.673665791776028,9.702099737532809,2.620734908136483,0.0,35.87707786526684,0.0,0.0,0.0,3180.1360454943133,0.0,0.0,0.0,0.0,0.0,7.9015748031496065,0.9676290463692039,0.0,0.15857701427097073,0.010061242344706912,0.15835520559930008
